ac_number,constituency,party_2021,votes_2021,region,reserved,party_2026,votes_2026,district,total_votes_2021,total_votes_2026,win_pct_2021,win_pct_2026,flipped,flip_direction,win_pct_change,second_votes_2026,margin_votes_2026,p21,p26
1,Gummidipundi,DMK,126452,Chennai Metro,GEN,TVK,94320,Tiruvallur,222069,232522,56.94,40.56,TRUE,DMK → TVK,-16.38,66375,27945,DMK,TVK
2,Ponneri,INC,94528,Chennai Metro,SC,TVK,110439,Tiruvallur,210354,226819,44.94,48.69,TRUE,INC → TVK,3.75,54671,55768,INC,TVK
3,Tiruttani,DMK,120314,Chennai Metro,GEN,AIADMK,89169,Tiruvallur,232624,238798,51.72,37.34,TRUE,DMK → AIADMK,-14.38,83376,5793,DMK,AIADMK
4,Thiruvallur,DMK,107709,Chennai Metro,GEN,TVK,92190,Tiruvallur,214243,226428,50.27,40.71,TRUE,DMK → TVK,-9.56,67430,24760,DMK,TVK
5,Poonamallee,DMK,149578,Chennai Metro,SC,TVK,161309,Tiruvallur,263736,308894,56.72,52.22,TRUE,DMK → TVK,-4.5,88569,72740,DMK,TVK
6,Avadi,DMK,150287,Chennai Metro,GEN,TVK,180384,Tiruvallur,300927,346005,49.94,52.13,TRUE,DMK → TVK,2.19,104073,76311,DMK,TVK
7,Maduravoyal,DMK,121298,Chennai Metro,GEN,TVK,141725,Tiruvallur,273870,293692,44.29,48.26,TRUE,DMK → TVK,3.97,80216,61509,DMK,TVK
8,Ambattur,DMK,114554,Chennai Metro,GEN,TVK,133339,Tiruvallur,240299,259986,47.67,51.29,TRUE,DMK → TVK,3.62,74558,58781,DMK,TVK
9,Madavaram,DMK,151485,Chennai Metro,GEN,TVK,190462,Tiruvallur,302700,361998,50.04,52.61,TRUE,DMK → TVK,2.57,95477,94985,DMK,TVK
10,Thiruvottiyur,DMK,88185,Chennai Metro,GEN,TVK,110067,Tiruvallur,199996,207088,44.09,53.15,TRUE,DMK → TVK,9.06,56503,53564,DMK,TVK
11,Dr. Radhakrishnan Nagar,DMK,95763,Chennai Metro,GEN,TVK,97800,Chennai,187027,181206,51.2,53.97,TRUE,DMK → TVK,2.77,48132,49668,DMK,TVK
12,Perambur,DMK,105267,Chennai Metro,GEN,TVK,120365,Chennai,200387,204384,52.53,58.89,TRUE,DMK → TVK,6.36,66650,53715,DMK,TVK
13,Kolathur,DMK,105522,Chennai Metro,GEN,TVK,82997,Chennai,173388,184051,60.86,45.09,TRUE,DMK → TVK,-15.77,74202,8795,DMK,TVK
14,Villivakkam,DMK,76127,Chennai Metro,GEN,TVK,66445,Chennai,144092,141452,52.83,46.97,TRUE,DMK → TVK,-5.86,49143,17302,DMK,TVK
15,Thiru-Vi-Ka-Nagar,DMK,81727,Chennai Metro,SC,TVK,69125,Chennai,133696,143903,61.13,48.04,TRUE,DMK → TVK,-13.09,46792,22333,DMK,TVK
16,Egmore,DMK,68832,Chennai Metro,SC,TVK,53901,Chennai,119271,119738,57.71,45.02,TRUE,DMK → TVK,-12.69,43097,10804,DMK,TVK
17,Royapuram,DMK,64424,Chennai Metro,GEN,TVK,59091,Chennai,121191,127356,53.16,46.4,TRUE,DMK → TVK,-6.76,44842,14249,DMK,TVK
18,Harbour,DMK,59317,Chennai Metro,GEN,DMK,45254,Chennai,101650,99622,58.35,45.43,FALSE,Held,-12.92,33504,11750,DMK,DMK
19,Chepauk-Thiruvallikeni,DMK,93285,Chennai Metro,GEN,DMK,62992,Chennai,137405,140741,67.89,44.76,FALSE,Held,-23.13,55852,7140,DMK,DMK
20,Thousand Lights,DMK,71867,Chennai Metro,GEN,TVK,58965,Chennai,135940,131824,52.87,44.73,TRUE,DMK → TVK,-8.14,43824,15141,DMK,TVK
21,Anna Nagar,DMK,80054,Chennai Metro,GEN,TVK,71375,Chennai,165096,163339,48.49,43.7,TRUE,DMK → TVK,-4.79,50012,21363,DMK,TVK
22,Virugampakkam,DMK,74351,Chennai Metro,GEN,TVK,76092,Chennai,169087,172831,43.97,44.03,TRUE,DMK → TVK,0.06,49006,27086,DMK,TVK
23,Saidapet,DMK,80194,Chennai Metro,GEN,TVK,81205,Chennai,160327,160401,50.02,50.63,TRUE,DMK → TVK,0.61,52691,28514,DMK,TVK
24,Theayagaraya Nagar,DMK,56035,Chennai Metro,GEN,TVK,51632,Chennai,138114,133928,40.57,38.55,TRUE,DMK → TVK,-2.02,38605,13027,DMK,TVK
25,Mylapore,DMK,68392,Chennai Metro,GEN,TVK,70070,Chennai,153430,150594,44.58,46.53,TRUE,DMK → TVK,1.95,41098,28972,DMK,TVK
26,Velachery,INC,68493,Chennai Metro,GEN,TVK,80430,Chennai,176714,184815,38.76,43.52,TRUE,INC → TVK,4.76,47125,33305,INC,TVK
27,Shozhinganallur,DMK,171558,Chennai Metro,GEN,TVK,220382,Kanchipuram,388355,447295,44.18,49.27,TRUE,DMK → TVK,5.09,123602,96780,DMK,TVK
28,Alandur,DMK,116785,Chennai Metro,GEN,TVK,112205,Kanchipuram,237751,261570,49.12,42.9,TRUE,DMK → TVK,-6.22,82596,29609,DMK,TVK
29,Sriperumbudur,INC,115353,Chennai Metro,SC,TVK,147611,Kanchipuram,264262,331088,43.65,44.58,TRUE,INC → TVK,0.93,93365,54246,INC,TVK
30,Pallavaram,DMK,126427,Chennai Metro,GEN,TVK,133611,Kanchipuram,266194,283677,47.49,47.1,TRUE,DMK → TVK,-0.39,78918,54693,DMK,TVK
31,Tambaram,DMK,116840,Chennai Metro,GEN,TVK,118967,Kanchipuram,248968,278809,46.93,42.67,TRUE,DMK → TVK,-4.26,83346,35621,DMK,TVK
32,Chengalpattu,DMK,130573,Chennai Metro,GEN,TVK,137136,Kanchipuram,274087,324010,47.64,42.32,TRUE,DMK → TVK,-5.32,101495,35641,DMK,TVK
33,Thiruporur,VCK,93954,North,GEN,TVK,110095,Kanchipuram,226729,262409,41.44,41.96,TRUE,VCK → TVK,0.52,70744,39351,VCK,TVK
34,Cheyyur,VCK,82750,North,SC,AIADMK,63809,Kanchipuram,179120,187584,46.2,34.02,TRUE,VCK → AIADMK,-12.18,58141,5668,VCK,AIADMK
35,Maduranthakam,AIADMK,86646,North,SC,AIADMK,69284,Kanchipuram,185842,198251,46.62,34.95,FALSE,Held,-11.67,62090,7194,AIADMK,AIADMK
36,Uthiramerur,DMK,93427,North,GEN,TVK,84917,Kanchipuram,210529,227765,44.38,37.28,TRUE,DMK → TVK,-7.1,70694,14223,DMK,TVK
37,Kancheepuram,DMK,102712,North,GEN,TVK,91350,Kanchipuram,229432,246317,44.77,37.09,TRUE,DMK → TVK,-7.68,75862,15488,DMK,TVK
38,Arakonam,AIADMK,85399,North,SC,TVK,73776,Vellore,171412,182340,49.82,40.46,TRUE,AIADMK → TVK,-9.36,50655,23121,AIADMK,TVK
39,Sholinghur,INC,110228,North,GEN,TVK,84506,Vellore,224109,233684,49.18,36.16,TRUE,INC → TVK,-13.02,78820,5686,INC,TVK
40,Katpadi,DMK,85140,North,GEN,TVK,69868,Vellore,186246,203497,45.71,34.33,TRUE,DMK → TVK,-11.38,63998,5870,DMK,TVK
41,Ranipet,DMK,103291,North,GEN,TVK,91149,Vellore,207462,221038,49.79,41.24,TRUE,DMK → TVK,-8.55,85362,5787,DMK,TVK
42,Arcot,DMK,103885,North,GEN,AIADMK,105608,Vellore,209791,225786,49.52,46.77,TRUE,DMK → AIADMK,-2.75,62888,42720,DMK,AIADMK
43,Vellore,DMK,84299,North,GEN,TVK,73032,Vellore,179899,190527,46.86,38.33,TRUE,DMK → TVK,-8.53,66255,6777,DMK,TVK
44,Anaikattu,DMK,95159,North,GEN,AIADMK,76302,Vellore,197805,216318,48.11,35.27,TRUE,DMK → AIADMK,-12.84,69221,7081,DMK,AIADMK
45,Kilvaithinankuppam,AIADMK,84579,North,SC,TVK,74305,Vellore,174124,189892,48.57,39.13,TRUE,AIADMK → TVK,-9.44,54050,20255,AIADMK,TVK
46,Gudiyatham,DMK,100412,North,SC,TVK,82858,Vellore,211630,229076,47.45,36.17,TRUE,DMK → TVK,-11.28,72761,10097,DMK,TVK
47,Vaniayambadi,AIADMK,88018,North,GEN,IUML,73181,Vellore,189997,212534,46.33,34.43,TRUE,AIADMK → IUML,-11.9,70199,2982,AIADMK,Others
48,Ambur,DMK,90476,North,GEN,DMK,74102,Vellore,177878,195584,50.86,37.89,FALSE,Held,-12.97,66971,7131,DMK,DMK
49,Jolarpet,DMK,89490,North,GEN,AIADMK,78633,Vellore,196358,213042,45.57,36.91,TRUE,DMK → AIADMK,-8.66,62550,16083,DMK,AIADMK
50,Tiruppattur,DMK,96522,North,GEN,TVK,105098,Vellore,185930,202925,51.91,51.79,TRUE,DMK → TVK,-0.12,56835,48263,DMK,TVK
51,Uthangarai,AIADMK,99675,North,SC,TVK,70201,Krishnagiri,188223,205530,52.96,34.16,TRUE,AIADMK → TVK,-18.8,65003,5198,AIADMK,TVK
52,Bargur,DMK,97256,North,GEN,AIADMK,71240,Krishnagiri,197784,213960,49.17,33.3,TRUE,DMK → AIADMK,-15.87,66999,4241,DMK,AIADMK
53,Krishnagiri,AIADMK,96050,North,GEN,TVK,89374,Krishnagiri,211648,230181,45.38,38.83,TRUE,AIADMK → TVK,-6.55,70530,18844,AIADMK,TVK
54,Veppanahalli,AIADMK,94104,North,GEN,DMK,74691,Krishnagiri,205141,222608,45.87,33.55,TRUE,AIADMK → DMK,-12.32,74553,138,AIADMK,DMK
55,Hosur,DMK,118231,North,GEN,AIADMK,109867,Krishnagiri,248098,277770,47.65,39.55,TRUE,DMK → AIADMK,-8.1,82064,27803,DMK,AIADMK
56,Thalli,CPI,120641,North,GEN,CPI,78283,Krishnagiri,194022,205878,62.18,38.02,FALSE,Held,-24.16,73043,5240,CPI,CPI
57,Palacode,AIADMK,110070,North,GEN,AIADMK,102807,Dharmapuri,206595,225257,53.28,45.64,FALSE,Held,-7.64,63765,39042,AIADMK,AIADMK
58,Pennagaram,PMK,106123,North,GEN,TVK,81240,Dharmapuri,210305,228666,50.46,35.53,TRUE,PMK → TVK,-14.93,78075,3165,PMK,TVK
59,Dharmapuri,PMK,105630,North,GEN,PMK,93713,Dharmapuri,217333,238579,48.6,39.28,FALSE,Held,-9.32,72817,20896,PMK,PMK
60,Pappireddippatti,AIADMK,114507,North,GEN,AIADMK,101829,Dharmapuri,220994,236621,51.81,43.03,FALSE,Held,-8.78,68715,33114,AIADMK,AIADMK
61,Harur,AIADMK,99061,North,SC,AIADMK,75523,Dharmapuri,198565,220042,49.89,34.32,FALSE,Held,-15.57,72194,3329,AIADMK,AIADMK
62,Chengam,DMK,108081,North,SC,AIADMK,87802,Tiruvannamalai,223950,242897,48.26,36.15,TRUE,DMK → AIADMK,-12.11,74524,13278,DMK,AIADMK
63,Tiruvannamalai,DMK,137876,North,GEN,DMK,88273,Tiruvannamalai,208836,220066,66.02,40.11,FALSE,Held,-25.91,85818,2455,DMK,DMK
64,Kilpennathur,DMK,104675,North,GEN,AIADMK,90503,Tiruvannamalai,203886,219790,51.34,41.18,TRUE,DMK → AIADMK,-10.16,60038,30465,DMK,AIADMK
65,Kalasapakkam,DMK,94134,North,GEN,AIADMK,89629,Tiruvannamalai,196434,214127,47.92,41.86,TRUE,DMK → AIADMK,-6.06,62889,26740,DMK,AIADMK
66,Polur,AIADMK,97732,North,GEN,TVK,67961,Tiruvannamalai,202012,211743,48.38,32.1,TRUE,AIADMK → TVK,-16.28,67734,227,AIADMK,TVK
67,Arani,AIADMK,102961,North,GEN,AIADMK,76735,Tiruvannamalai,221422,230162,46.5,33.34,FALSE,Held,-13.16,71104,5631,AIADMK,AIADMK
68,Cheyyar,DMK,102460,North,GEN,AIADMK,86680,Tiruvannamalai,214460,222570,47.78,38.95,TRUE,DMK → AIADMK,-8.83,65599,21081,DMK,AIADMK
69,Vandavasi,DMK,102064,North,SC,DMK,63805,Tiruvannamalai,185974,191204,54.88,33.37,FALSE,Held,-21.51,60472,3333,DMK,DMK
70,Gingee,DMK,109625,Central,GEN,PMK,78201,Villupuram,206880,216652,52.99,36.1,TRUE,DMK → PMK,-16.89,65556,12645,DMK,PMK
71,Mailam,PMK,81044,Central,GEN,AIADMK,82353,Villupuram,176989,189221,45.79,43.52,TRUE,PMK → AIADMK,-2.27,52312,30041,PMK,AIADMK
72,Tindivanam,AIADMK,87152,Central,SC,VCK,63833,Villupuram,182538,196026,47.74,32.56,TRUE,AIADMK → VCK,-15.18,63099,734,AIADMK,VCK
73,Vanur,AIADMK,92219,Central,SC,DMK,68873,Villupuram,182208,192119,50.61,35.85,TRUE,AIADMK → DMK,-14.76,61839,7034,AIADMK,DMK
74,Villupuram,DMK,102271,Central,GEN,DMK,72982,Villupuram,204860,215422,49.92,33.88,FALSE,Held,-16.04,68863,4119,DMK,DMK
75,Vikravandi,DMK,93730,Central,GEN,PMK,69727,Villupuram,193617,209231,48.41,33.33,TRUE,DMK → PMK,-15.08,68817,910,DMK,PMK
76,Tirukkoyilur,DMK,110980,Central,GEN,AIADMK,73033,Villupuram,196217,217318,56.56,33.61,TRUE,DMK → AIADMK,-22.95,72748,285,DMK,AIADMK
77,Ulundurpet,DMK,115451,Central,GEN,DMK,98471,Villupuram,244853,271002,47.15,36.34,FALSE,Held,-10.81,96194,2277,DMK,DMK
78,Rishivandiam,DMK,113912,Central,GEN,DMK,89711,Villupuram,215106,244795,52.96,36.65,FALSE,Held,-16.31,84849,4862,DMK,DMK
79,Sankarapuram,DMK,121186,Central,GEN,AIADMK,80250,Villupuram,215802,235528,56.16,34.07,TRUE,DMK → AIADMK,-22.09,76810,3440,DMK,AIADMK
80,Kallakurichi,AIADMK,110643,Central,SC,TVK,81132,Villupuram,225858,249626,48.99,32.5,TRUE,AIADMK → TVK,-16.49,80334,798,AIADMK,TVK
81,Gangavalli,AIADMK,89568,Central,SC,AIADMK,73167,Salem,186503,196679,48.02,37.2,FALSE,Held,-10.82,58763,14404,AIADMK,AIADMK
82,Attur,AIADMK,95308,Central,SC,AIADMK,80843,Salem,199743,208296,47.72,38.81,FALSE,Held,-8.91,65525,15318,AIADMK,AIADMK
83,Yercaud,AIADMK,121561,Central,ST,AIADMK,87772,Salem,238924,253592,50.88,34.61,FALSE,Held,-16.27,85583,2189,AIADMK,AIADMK
84,Omalur,AIADMK,142488,Central,GEN,AIADMK,112246,Salem,249027,271119,57.22,41.4,FALSE,Held,-15.82,97707,14539,AIADMK,AIADMK
85,Mettur,PMK,97055,Central,GEN,AIADMK,86498,Salem,218442,231105,44.43,37.43,TRUE,PMK → AIADMK,-7,67393,19105,PMK,AIADMK
86,Edapadi,AIADMK,163154,Central,GEN,AIADMK,148933,Salem,247301,258263,65.97,57.67,FALSE,Held,-8.3,50823,98110,AIADMK,AIADMK
87,Sankari,AIADMK,115472,Central,GEN,AIADMK,87342,Salem,232247,243779,49.72,35.83,FALSE,Held,-13.89,77825,9517,AIADMK,AIADMK
88,Salem (West),PMK,105483,Central,GEN,TVK,120407,Salem,216628,234407,48.69,51.37,TRUE,PMK → TVK,2.68,45540,74867,PMK,TVK
89,Salem (North),DMK,93432,Central,GEN,TVK,85710,Salem,202376,210712,46.17,40.68,TRUE,DMK → TVK,-5.49,71676,14034,DMK,TVK
90,Salem (South),AIADMK,97506,Central,GEN,TVK,91371,Salem,199982,207902,48.76,43.95,TRUE,AIADMK → TVK,-4.81,58002,33369,AIADMK,TVK
91,Veerapandi,AIADMK,111682,Central,GEN,TVK,79907,Salem,223702,235875,49.92,33.88,TRUE,AIADMK → TVK,-16.04,75836,4071,AIADMK,TVK
92,Rasipuram,DMK,90727,Central,SC,TVK,74808,Namakkal,196904,204680,46.08,36.55,TRUE,DMK → TVK,-9.53,60297,14511,DMK,TVK
93,Sendamangalam,DMK,90681,Central,ST,TVK,68815,Namakkal,199235,209687,45.51,32.82,TRUE,DMK → TVK,-12.69,66160,2655,DMK,TVK
94,Namakkal,DMK,106494,Central,GEN,TVK,79744,Namakkal,206759,212283,51.51,37.56,TRUE,DMK → TVK,-13.95,68736,11008,DMK,TVK
95,Paramathi-Velur,AIADMK,86034,Central,GEN,AIADMK,61349,Namakkal,183697,188845,46.83,32.49,FALSE,Held,-14.34,61041,308,AIADMK,AIADMK
96,Tiruchengode,DMK,81688,Central,GEN,TVK,79500,Namakkal,184669,191122,44.23,41.6,TRUE,DMK → TVK,-2.63,51328,28172,DMK,TVK
97,Kumarapalayam,AIADMK,100800,Central,GEN,TVK,81179,Namakkal,201925,205324,49.92,39.54,TRUE,AIADMK → TVK,-10.38,73483,7696,AIADMK,TVK
98,Erode (East),INC,67300,Kongu,GEN,TVK,69747,Erode,152037,162453,44.27,42.93,TRUE,INC → TVK,-1.34,45781,23966,INC,TVK
99,Erode (West),DMK,100757,Kongu,GEN,TVK,96836,Erode,205579,221400,49.01,43.74,TRUE,DMK → TVK,-5.27,74586,22250,DMK,TVK
100,Modakurichi,BJP,78125,Kongu,GEN,TVK,60715,Erode,181857,190759,42.96,31.83,TRUE,BJP → TVK,-11.13,58285,2430,BJP,TVK
101,Dharapuram,DMK,89986,Kongu,SC,AIADMK,81100,Erode,193991,199944,46.39,40.56,TRUE,DMK → AIADMK,-5.83,64373,16727,DMK,AIADMK
102,Kangayam,DMK,94197,Kongu,GEN,AIADMK,71122,Erode,199818,203534,47.14,34.94,TRUE,DMK → AIADMK,-12.2,62989,8133,DMK,AIADMK
103,Perundurai,AIADMK,85125,Kongu,GEN,AIADMK,70302,Erode,189843,200686,44.84,35.03,FALSE,Held,-9.81,60609,9693,AIADMK,AIADMK
104,Bhavani,AIADMK,100915,Kongu,GEN,AIADMK,75577,Erode,201385,208323,50.11,36.28,FALSE,Held,-13.83,68181,7396,AIADMK,AIADMK
105,Anthiyur,DMK,79096,Kongu,GEN,AIADMK,60042,Erode,176385,185775,44.84,32.32,TRUE,DMK → AIADMK,-12.52,58782,1260,DMK,AIADMK
106,Gobichettipalayam,AIADMK,108608,Kongu,GEN,TVK,82612,Tirupur,214281,219727,50.68,37.6,TRUE,AIADMK → TVK,-13.08,65992,16620,AIADMK,TVK
107,Bhavanisagar,AIADMK,99181,Kongu,SC,TVK,72391,Tirupur,200567,214595,49.45,33.73,TRUE,AIADMK → TVK,-15.72,67822,4569,AIADMK,TVK
108,Udhagamandalam,INC,65530,Kongu,GEN,BJP,48488,Tirupur,141102,148704,46.44,32.61,TRUE,INC → BJP,-13.83,47512,976,INC,BJP
109,Gudalur,AIADMK,64496,Kongu,SC,DMK,65590,Tirupur,138257,151241,46.65,43.37,TRUE,AIADMK → DMK,-3.28,42757,22833,AIADMK,DMK
110,Coonoor,DMK,61820,Kongu,GEN,DMK,50470,Tirupur,135908,141394,45.49,35.69,FALSE,Held,-9.8,42371,8099,DMK,DMK
111,Mettupalayam,AIADMK,105231,Kongu,GEN,TVK,75664,Tirupur,225083,244319,46.75,30.97,TRUE,AIADMK → TVK,-15.78,67896,7768,AIADMK,TVK
112,Avanashi,AIADMK,117284,Kongu,SC,TVK,84209,Tirupur,212627,231600,55.16,36.36,TRUE,AIADMK → TVK,-18.8,68836,15373,AIADMK,TVK
113,Tiruppur (North),AIADMK,113384,Kongu,GEN,TVK,131401,Tirupur,238092,263457,47.62,49.88,TRUE,AIADMK → TVK,2.26,61409,69992,AIADMK,TVK
114,Tiruppur (South),DMK,75535,Kongu,GEN,TVK,73793,Nilgiris,174418,179814,43.31,41.04,TRUE,DMK → TVK,-2.27,60892,12901,DMK,TVK
115,Palladam,AIADMK,126903,Kongu,GEN,TVK,121297,Nilgiris,261511,301014,48.53,40.3,TRUE,AIADMK → TVK,-8.23,83400,37897,AIADMK,TVK
116,Sulur,AIADMK,118968,Kongu,GEN,TVK,90531,Nilgiris,241653,273544,49.23,33.1,TRUE,AIADMK → TVK,-16.13,85741,4790,AIADMK,TVK
117,Kavundampalayam,AIADMK,135669,Kongu,GEN,TVK,146466,Coimbatore,309918,363991,43.78,40.24,TRUE,AIADMK → TVK,-3.54,104326,42140,AIADMK,TVK
118,Coimbatore North,AIADMK,81454,Kongu,GEN,TVK,92500,Coimbatore,202799,226109,40.16,40.91,TRUE,AIADMK → TVK,0.75,70508,21992,AIADMK,TVK
119,Thondamuthur,AIADMK,124225,Kongu,GEN,AIADMK,93316,Coimbatore,230531,258549,53.89,36.09,FALSE,Held,-17.8,78591,14725,AIADMK,AIADMK
120,Coimbatore South,BJP,53209,Kongu,GEN,DMK,59724,Coimbatore,154765,156499,34.38,38.16,TRUE,BJP → DMK,3.78,57453,2271,BJP,DMK
121,Singanallur,AIADMK,81244,Kongu,GEN,TVK,84163,Coimbatore,202021,221033,40.22,38.08,TRUE,AIADMK → TVK,-2.14,65024,19139,AIADMK,TVK
122,Kinathukadavu,AIADMK,101537,Kongu,GEN,TVK,99950,Coimbatore,232435,267917,43.68,37.31,TRUE,AIADMK → TVK,-6.37,88240,11710,AIADMK,TVK
123,Pollachi,AIADMK,80567,Kongu,GEN,DMK,62013,Coimbatore,177308,181196,45.44,34.22,TRUE,AIADMK → DMK,-11.22,57386,4627,AIADMK,DMK
124,Valparai,AIADMK,71672,Kongu,SC,DMK,54671,Coimbatore,145172,150431,49.37,36.34,TRUE,AIADMK → DMK,-13.03,45300,9371,AIADMK,DMK
125,Udumalpet,AIADMK,96893,Kongu,GEN,DMK,68549,Coimbatore,194358,203575,49.85,33.67,TRUE,AIADMK → DMK,-16.18,65667,2882,AIADMK,DMK
126,Madathukulam,AIADMK,84313,Kongu,GEN,DMK,70458,Coimbatore,181902,188249,46.35,37.43,TRUE,AIADMK → DMK,-8.92,54490,15968,AIADMK,DMK
127,Palani,DMK,108566,South,GEN,AIADMK,66986,Dindigul,205384,208619,52.86,32.11,TRUE,DMK → AIADMK,-20.75,66293,693,DMK,AIADMK
128,Oddanchatram,DMK,109970,South,GEN,DMK,93099,Dindigul,201756,201624,54.51,46.17,FALSE,Held,-8.34,49850,43249,DMK,DMK
129,Athoor,DMK,165809,South,GEN,DMK,106240,Dindigul,229940,237183,72.11,44.79,FALSE,Held,-27.32,83872,22368,DMK,DMK
130,Nilakottai,AIADMK,91461,South,SC,TVK,68580,Dindigul,184805,197593,49.49,34.71,TRUE,AIADMK → TVK,-14.78,65655,2925,AIADMK,TVK
131,Natham,AIADMK,107762,South,GEN,AIADMK,85708,Dindigul,225244,239140,47.84,35.84,FALSE,Held,-12,73839,11869,AIADMK,AIADMK
132,Dindigul,AIADMK,90595,South,GEN,DMK,74489,Dindigul,195118,212024,46.43,35.13,TRUE,AIADMK → DMK,-11.3,73358,1131,AIADMK,DMK
133,Vedasandur,DMK,106481,South,GEN,DMK,84948,Dindigul,213080,226554,49.97,37.5,FALSE,Held,-12.47,74885,10063,DMK,DMK
134,Aravakurichi,DMK,93369,Kongu,GEN,DMK,70827,Karur,177114,181078,52.72,39.11,FALSE,Held,-13.61,51445,19382,DMK,DMK
135,Karur,DMK,101757,Kongu,GEN,AIADMK,71542,Karur,207310,216829,49.08,32.99,TRUE,DMK → AIADMK,-16.09,69721,1821,DMK,AIADMK
136,Krishnarayapuram,DMK,96540,Kongu,SC,TVK,62378,Karur,180902,189357,53.37,32.94,TRUE,DMK → TVK,-20.43,58875,3503,DMK,TVK
137,Kulithalai,DMK,100829,Kongu,GEN,DMK,68138,Karur,197456,209091,51.06,32.59,FALSE,Held,-18.47,67559,579,DMK,DMK
138,Manapparai,DMK,98077,Delta,GEN,TVK,83041,Tiruchirappalli,221748,241216,44.23,34.43,TRUE,DMK → TVK,-9.8,81615,1426,DMK,TVK
139,Srirangam,DMK,113904,Delta,GEN,TVK,103235,Tiruchirappalli,240240,254985,47.41,40.49,TRUE,DMK → TVK,-6.92,69645,33590,DMK,TVK
140,Tiruchirapalli (West),DMK,118133,Delta,GEN,DMK,88235,Tiruchirappalli,183099,196347,64.52,44.94,FALSE,Held,-19.58,83449,4786,DMK,DMK
141,Tiruchirapalli (East),DMK,94302,Delta,GEN,TVK,91381,Tiruchirappalli,172856,182493,54.56,50.07,TRUE,DMK → TVK,-4.49,63965,27416,DMK,TVK
142,Thiruverambur,DMK,105424,Delta,GEN,TVK,89837,Tiruchirappalli,197013,213583,53.51,42.06,TRUE,DMK → TVK,-11.45,81132,8705,DMK,TVK
143,Lalgudi,DMK,84914,Delta,GEN,AIADMK,60795,Tiruchirappalli,174754,185213,48.59,32.82,TRUE,DMK → AIADMK,-15.77,58056,2739,DMK,AIADMK
144,Manachanallur,DMK,116334,Delta,GEN,DMK,81447,Tiruchirappalli,196719,209780,59.14,38.82,FALSE,Held,-20.32,69083,12364,DMK,DMK
145,Musiri,DMK,90624,Delta,GEN,TVK,71281,Tiruchirappalli,179706,189141,50.43,37.69,TRUE,DMK → TVK,-12.74,53839,17442,DMK,TVK
146,Thuraiyur,DMK,87786,Delta,SC,TVK,66263,Tiruchirappalli,175876,184426,49.91,35.93,TRUE,DMK → TVK,-13.98,56649,9614,DMK,TVK
147,Perambalur,DMK,122090,Central,SC,TVK,90882,Perambalur,240026,253654,50.87,35.83,TRUE,DMK → TVK,-15.04,76489,14393,DMK,TVK
148,Kunnam,DMK,103922,Central,GEN,DMK,87237,Perambalur,219879,230570,47.26,37.84,FALSE,Held,-9.42,71680,15557,DMK,DMK
149,Ariyalur,DMK,103975,Central,GEN,AIADMK,95219,Ariyalur,225225,235858,46.16,40.37,TRUE,DMK → AIADMK,-5.79,70721,24498,DMK,AIADMK
150,Jayankondam,DMK,99529,Central,GEN,PMK,88992,Ariyalur,216368,228548,46,38.94,TRUE,DMK → PMK,-7.06,70502,18490,DMK,PMK
151,Tittakudi,DMK,83726,Central,SC,DMK,63106,Cuddalore,168184,175754,49.78,35.91,FALSE,Held,-13.87,60477,2629,DMK,DMK
152,Vriddhachalam,INC,77064,Central,GEN,DMDK,69351,Cuddalore,196734,209186,39.17,33.15,TRUE,INC → DMDK,-6.02,66964,2387,INC,Others
153,Neyveli,DMK,75177,Central,GEN,AIADMK,63731,Cuddalore,164130,168780,45.8,37.76,TRUE,DMK → AIADMK,-8.04,52769,10962,DMK,AIADMK
154,Panruti,DMK,93801,Central,GEN,AIADMK,78398,Cuddalore,197049,210767,47.6,37.2,TRUE,DMK → AIADMK,-10.4,67735,10663,DMK,AIADMK
155,Cuddalore,DMK,84563,Central,GEN,TVK,70856,Cuddalore,182001,190378,46.46,37.22,TRUE,DMK → TVK,-9.24,55337,15519,DMK,TVK
156,Kurinjipadi,DMK,101456,Central,GEN,DMK,76695,Cuddalore,198781,213965,51.04,35.84,FALSE,Held,-15.2,69106,7589,DMK,DMK
157,Bhuvanagiri,AIADMK,96453,Central,GEN,AIADMK,75707,Cuddalore,197165,207310,48.92,36.52,FALSE,Held,-12.4,73220,2487,AIADMK,AIADMK
158,Chidambaram,AIADMK,91961,Central,GEN,DMK,69739,Cuddalore,183352,196586,50.16,35.48,TRUE,AIADMK → DMK,-14.68,63992,5747,AIADMK,DMK
159,Kattumannarkoil,VCK,86056,Central,SC,VCK,85179,Cuddalore,175561,187905,49.02,45.33,FALSE,Held,-3.69,52116,33063,VCK,VCK
160,Sirkali,DMK,94057,Delta,SC,DMK,71449,Nagapattinam,191325,200448,49.16,35.64,FALSE,Held,-13.52,60032,11417,DMK,DMK
161,Mayiladuthurai,INC,73642,Delta,GEN,INC,68011,Nagapattinam,174640,188461,42.17,36.09,FALSE,Held,-6.08,57166,10845,INC,INC
162,Poompuhar,DMK,96102,Delta,GEN,DMK,81096,Nagapattinam,207838,219324,46.24,36.98,FALSE,Held,-9.26,72836,8260,DMK,DMK
163,Nagapattinam,VCK,66281,Delta,GEN,DMK,56305,Nagapattinam,143560,151326,46.17,37.21,TRUE,VCK → DMK,-8.96,46524,9781,VCK,DMK
164,Kilvelur,CPI(M),67988,Delta,SC,CPI(M),56108,Nagapattinam,142995,151637,47.55,37,FALSE,Held,-10.55,53830,2278,CPI(M),CPI(M)
165,Vedaranyam,AIADMK,78719,Delta,GEN,AIADMK,59172,Nagapattinam,158060,162216,49.8,36.48,FALSE,Held,-13.32,51841,7331,AIADMK,AIADMK
166,Thiruthuraipundi,CPI,97092,Delta,SC,CPI,74062,Tiruvarur,185886,191030,52.23,38.77,FALSE,Held,-13.46,61140,12922,CPI,CPI
167,Mannargudi,DMK,87172,Delta,GEN,AMMK,68416,Tiruvarur,193229,194100,45.11,35.25,TRUE,DMK → AMMK,-9.86,66850,1566,DMK,Others
168,Thiruvarur,DMK,108906,Delta,GEN,DMK,93408,Tiruvarur,208290,217875,52.29,42.87,FALSE,Held,-9.42,75260,18148,DMK,DMK
169,Nannilam,AIADMK,103637,Delta,GEN,AIADMK,103462,Tiruvarur,221944,231444,46.7,44.7,FALSE,Held,-2,61738,41724,AIADMK,AIADMK
170,Thiruvidamarudur,DMK,95763,Delta,SC,DMK,79951,Thanjavur,198446,208944,48.26,38.26,FALSE,Held,-10,65835,14116,DMK,DMK
171,Kumbakonam,DMK,96057,Delta,GEN,TVK,78650,Thanjavur,197564,208288,48.62,37.76,TRUE,DMK → TVK,-10.86,77971,679,DMK,TVK
172,Papanasam,DMK,86567,Delta,GEN,IUML,69284,Thanjavur,196982,207723,43.95,33.35,TRUE,DMK → IUML,-10.6,68219,1065,DMK,Others
173,Thiruvaiyaru,DMK,103210,Delta,GEN,DMK,80425,Thanjavur,211430,222111,48.82,36.21,FALSE,Held,-12.61,71870,8555,DMK,DMK
174,Thanjavur,DMK,103772,Delta,GEN,TVK,87705,Thanjavur,194859,198798,53.25,44.12,TRUE,DMK → TVK,-9.13,70750,16955,DMK,TVK
175,Orathanad,AIADMK,90063,Delta,GEN,DMK,86759,Thanjavur,191840,195304,46.95,44.42,TRUE,AIADMK → DMK,-2.53,51731,35028,AIADMK,DMK
176,Pattukkottai,DMK,79065,Delta,GEN,DMK,65963,Thanjavur,177200,183745,44.62,35.9,FALSE,Held,-8.72,52209,13754,DMK,DMK
177,Peravurani,DMK,89130,Delta,GEN,DMK,60919,Thanjavur,170850,176274,52.17,34.56,FALSE,Held,-17.61,57757,3162,DMK,DMK
178,Gandharvakottai,CPI(M),69710,Delta,SC,TVK,58795,Pudukkottai,157620,167618,44.23,35.08,TRUE,CPI(M) → TVK,-9.15,47756,11039,CPI(M),TVK
179,Viralimalai,AIADMK,102179,Delta,GEN,AIADMK,105773,Pudukkottai,193423,203921,52.83,51.87,FALSE,Held,-0.96,43700,62073,AIADMK,AIADMK
180,Pudukkottai,DMK,85802,Delta,GEN,DMK,66825,Pudukkottai,179892,190378,47.7,35.1,FALSE,Held,-12.6,64958,1867,DMK,DMK
181,Thirumayam,DMK,71349,Delta,GEN,DMK,58201,Pudukkottai,174031,182612,41,31.87,FALSE,Held,-9.13,56709,1492,DMK,DMK
182,Alangudi,DMK,87935,Delta,GEN,DMK,64929,Pudukkottai,171842,180483,51.17,35.98,FALSE,Held,-15.19,51952,12977,DMK,DMK
183,Arantangi,INC,81835,Delta,GEN,TVK,73244,Pudukkottai,168048,182730,48.7,40.08,TRUE,INC → TVK,-8.62,63182,10062,INC,TVK
184,Karaikudi,INC,75954,South,GEN,TVK,101358,Sivaganga,212456,229267,35.75,44.21,TRUE,INC → TVK,8.46,55284,46074,INC,TVK
185,Tiruppattur,DMK,103682,South,GEN,TVK,83375,Sivaganga,210766,215710,49.19,38.65,TRUE,DMK → TVK,-10.54,83374,1,DMK,TVK
186,Sivaganga,AIADMK,82153,South,GEN,TVK,73737,Sivaganga,202044,214067,40.66,34.45,TRUE,AIADMK → TVK,-6.21,58656,15081,AIADMK,TVK
187,Manamadurai,DMK,89364,South,SC,TVK,69971,Sivaganga,203061,208643,44.01,33.54,TRUE,DMK → TVK,-10.47,68763,1208,DMK,TVK
188,Melur,AIADMK,83344,South,GEN,INC,60080,Madurai,182782,190726,45.6,31.5,TRUE,AIADMK → INC,-14.1,57356,2724,AIADMK,INC
189,Madurai East,DMK,122729,South,GEN,TVK,118777,Madurai,237892,271566,51.59,43.74,TRUE,DMK → TVK,-7.85,102230,16547,DMK,TVK
190,Sholavandan,DMK,84240,South,SC,TVK,63907,Madurai,175361,189080,48.04,33.8,TRUE,DMK → TVK,-14.24,61229,2678,DMK,TVK
191,Madurai North,DMK,73010,South,GEN,TVK,72853,Madurai,156556,161801,46.64,45.03,TRUE,DMK → TVK,-1.61,54815,18038,DMK,TVK
192,Madurai South,DMK,62812,South,GEN,TVK,62415,Madurai,147833,141503,42.49,44.11,TRUE,DMK → TVK,1.62,40886,21529,DMK,TVK
193,Madurai Central,DMK,73205,South,GEN,TVK,63414,Madurai,149430,148586,48.99,42.68,TRUE,DMK → TVK,-6.31,44286,19128,DMK,TVK
194,Madurai West,AIADMK,83883,South,GEN,TVK,88250,Madurai,201694,216403,41.59,40.78,TRUE,AIADMK → TVK,-0.81,76319,11931,AIADMK,TVK
195,Thiruparankundram,AIADMK,103683,South,GEN,TVK,114316,Madurai,235849,255466,43.96,44.75,TRUE,AIADMK → TVK,0.79,72763,41553,AIADMK,TVK
196,Thirumangalam,AIADMK,100338,South,GEN,DMK,88291,Madurai,220495,230980,45.51,38.22,TRUE,AIADMK → DMK,-7.29,64484,23807,AIADMK,DMK
197,Usilampatti,AIADMK,71255,South,GEN,TVK,65743,Madurai,212513,224048,33.53,29.34,TRUE,AIADMK → TVK,-4.19,63938,1805,AIADMK,TVK
198,Andipatti,DMK,93541,South,GEN,DMK,74324,Theni,209540,217329,44.64,34.2,FALSE,Held,-10.44,64770,9554,DMK,DMK
199,Periyakulam,DMK,92251,South,SC,TVK,85656,Theni,201797,211209,45.71,40.56,TRUE,DMK → TVK,-5.15,66335,19321,DMK,TVK
200,Bodinayakanur,AIADMK,100050,South,GEN,DMK,85206,Theni,214795,220628,46.58,38.62,TRUE,AIADMK → DMK,-7.96,78401,6805,AIADMK,DMK
201,Cumbum,DMK,104800,South,GEN,TVK,85394,Theni,202275,210574,51.81,40.55,TRUE,DMK → TVK,-11.26,84643,751,DMK,TVK
202,Rajapalayam,DMK,74158,South,GEN,TVK,65548,Virudhunagar,178708,183020,41.5,35.81,TRUE,DMK → TVK,-5.69,54943,10605,DMK,TVK
203,Srivilliputhur,AIADMK,70475,South,SC,TVK,65653,Virudhunagar,185039,193471,38.09,33.93,TRUE,AIADMK → TVK,-4.16,57072,8581,AIADMK,TVK
204,Sattur,DMK,74174,South,GEN,DMK,62060,Virudhunagar,191783,198734,38.68,31.23,FALSE,Held,-7.45,56071,5989,DMK,DMK
205,Sivakasi,INC,78947,South,GEN,TVK,68709,Virudhunagar,185047,193517,42.66,35.51,TRUE,INC → TVK,-7.15,57039,11670,INC,TVK
206,Virudhunagar,DMK,73297,South,GEN,TVK,63653,Virudhunagar,161717,167832,45.32,37.93,TRUE,DMK → TVK,-7.39,54262,9391,DMK,TVK
207,Aruppukottai,DMK,91040,South,GEN,DMK,65104,Virudhunagar,171201,178413,53.18,36.49,FALSE,Held,-16.69,60161,4943,DMK,DMK
208,Tiruchuli,DMK,102225,South,GEN,DMK,75085,Virudhunagar,172811,181250,59.15,41.43,FALSE,Held,-17.72,61600,13485,DMK,DMK
209,Paramakudi,DMK,84864,South,SC,DMK,59161,Ramanathapuram,182158,189753,46.59,31.18,FALSE,Held,-15.41,55613,3548,DMK,DMK
210,Tiruvadanai,INC,79364,South,GEN,TVK,69551,Ramanathapuram,201815,220278,39.33,31.57,TRUE,INC → TVK,-7.76,67038,2513,INC,TVK
211,Ramanathapuram,DMK,111082,South,GEN,DMK,89137,Ramanathapuram,214098,237576,51.88,37.52,FALSE,Held,-14.36,76678,12459,DMK,DMK
212,Mudukulathur,DMK,101901,South,GEN,DMK,68003,Ramanathapuram,221213,231373,46.06,29.39,FALSE,Held,-16.67,51405,16598,DMK,DMK
213,Vilathikulam,DMK,90348,South,GEN,DMK,58395,Thoothukudi,167169,174814,54.05,33.4,FALSE,Held,-20.65,50167,8228,DMK,DMK
214,Thoothukkudi,DMK,92314,South,GEN,TVK,100536,Thoothukudi,188407,204712,49,49.11,TRUE,DMK → TVK,0.11,62805,37731,DMK,TVK
215,Tiruchendur,DMK,88274,South,GEN,DMK,72723,Thoothukudi,174536,186050,50.58,39.09,FALSE,Held,-11.49,66851,5872,DMK,DMK
216,Srivaikuntam,INC,76843,South,GEN,TVK,58814,Thoothukudi,164386,176421,46.75,33.34,TRUE,INC → TVK,-13.41,57628,1186,INC,TVK
217,Ottapidaram,DMK,73110,South,SC,TVK,81625,Thoothukudi,177840,196117,41.11,41.62,TRUE,DMK → TVK,0.51,52542,29083,DMK,TVK
218,Kovilpatti,AIADMK,68556,South,GEN,DMK,61643,Thoothukudi,180928,194232,37.89,31.74,TRUE,AIADMK → DMK,-6.15,60800,843,AIADMK,DMK
219,Sankarankovil,DMK,71347,South,SC,AIADMK,64865,Tirunelveli,183338,196480,38.92,33.01,TRUE,DMK → AIADMK,-5.91,58376,6489,DMK,AIADMK
220,Vasudevanallur,DMK,68730,South,SC,DMK,63045,Tirunelveli,175881,189795,39.08,33.22,FALSE,Held,-5.86,56462,6583,DMK,DMK
221,Kadayanallur,AIADMK,88474,South,GEN,DMK,79832,Tirunelveli,205374,221951,43.08,35.97,TRUE,AIADMK → DMK,-7.11,73579,6253,AIADMK,DMK
222,Tenkasi,INC,89315,South,GEN,DMK,79699,Tirunelveli,214108,234987,41.71,33.92,TRUE,INC → DMK,-7.79,69400,10299,INC,DMK
223,Alangulam,AIADMK,74153,South,GEN,DMK,69170,Tirunelveli,203478,220857,36.44,31.32,TRUE,AIADMK → DMK,-5.12,61372,7798,AIADMK,DMK
224,Tirunelveli,BJP,92282,South,GEN,TVK,75840,Tirunelveli,197587,218425,46.7,34.72,TRUE,BJP → TVK,-11.98,64426,11414,BJP,TVK
225,Ambasamudram,AIADMK,85211,South,GEN,AIADMK,65589,Tirunelveli,177681,191195,47.96,34.3,FALSE,Held,-13.66,55344,10245,AIADMK,AIADMK
226,Palayamcottai,DMK,89117,South,GEN,DMK,79744,Tirunelveli,161091,180620,55.32,44.15,FALSE,Held,-11.17,65939,13805,DMK,DMK
227,Nanguneri,INC,75902,South,GEN,TVK,74952,Tirunelveli,192522,209419,39.43,35.79,TRUE,INC → TVK,-3.64,58533,16419,INC,TVK
228,Radhapuram,DMK,82331,South,GEN,TVK,69947,Tirunelveli,187310,199931,43.95,34.99,TRUE,DMK → TVK,-8.96,57634,12313,DMK,TVK
229,Kanniyakumari,AIADMK,109745,South,GEN,AIADMK,75045,Kanniyakumari,224874,239150,48.8,31.38,FALSE,Held,-17.42,74831,214,AIADMK,AIADMK
230,Nagercoil,BJP,88804,South,GEN,DMK,69880,Kanniyakumari,184185,196280,48.21,35.6,TRUE,BJP → DMK,-12.61,62310,7570,BJP,DMK
231,Colachel,INC,90681,South,GEN,INC,66207,Kanniyakumari,182969,199013,49.56,33.27,FALSE,Held,-16.29,63374,2833,INC,INC
232,Padmanabhapuram,DMK,87744,South,GEN,CPI(M),68938,Kanniyakumari,170156,180555,51.57,38.18,TRUE,DMK → CPI(M),-13.39,53369,15569,DMK,CPI(M)
233,Vilavancode,INC,87473,South,GEN,INC,70755,Kanniyakumari,167836,174927,52.12,40.45,FALSE,Held,-11.67,49785,20970,INC,INC
234,Killiyoor,INC,101541,South,GEN,INC,66434,Kanniyakumari,169918,177534,59.76,37.42,FALSE,Held,-22.34,65123,1311,INC,INC
